{
    "freq:LogProb": -35.17519552445412,
    "freq:Mean LP": -4.845613048399488,
    "freq:Norm LP (Div)": -0.6859551545468241,
    "freq:Norm LP (Sub)": 13.764259873278395,
    "freq:SLOR": 2.2760872032914343,
    "freq:Word LP Min-1": -1.1230074215925494,
    "freq:Word LP Min-2": -0.9265938279022354,
    "freq:Word LP Min-3": -0.7679927623271694,
    "freq:Word LP Min-4": -0.6846355897421467,
    "freq:Word LP Min-5": -0.5449994252804076,
    "freq:Word LP Mean": -0.6475452093137509,
    "freq:Word LP Mean-Q1": -1.0511400964216293,
    "freq:Word LP Mean-Q2": -0.9184974284388883,
    "freq:Word LP Mean Sq": -0.5157691876739097,
    "iso:LogProb": -35.17519552445412,
    "iso:Mean LP": -4.845613048399488,
    "iso:Norm LP (Div)": -0.6334626538247045,
    "iso:Norm LP (Sub)": 17.584670048713683,
    "iso:SLOR": 2.921433094959909,
    "iso:Word LP Min-1": -1.0407378484216212,
    "iso:Word LP Min-2": -0.8672016711190744,
    "iso:Word LP Min-3": -0.7747123946970403,
    "iso:Word LP Min-4": -0.6468945155433371,
    "iso:Word LP Min-5": -0.564713912670338,
    "iso:Word LP Mean": -0.6294111737103731,
    "iso:Word LP Mean-Q1": -1.0523570763249173,
    "iso:Word LP Mean-Q2": -0.8874630209775146,
    "iso:Word LP Mean Sq": -0.47620404933579374,
    "aoc:LogProb": -35.17519552445412,
    "aoc:Mean LP": -4.845613048399488,
    "aoc:Norm LP (Div)": -1.6280309287306791,
    "aoc:Norm LP (Sub)": -12.894051763325624,
    "aoc:SLOR": -1.8554137856395196,
    "aoc:Word LP Min-1": -2.8063698646016215,
    "aoc:Word LP Min-2": -2.2586982305833696,
    "aoc:Word LP Min-3": -1.8908854241079982,
    "aoc:Word LP Min-4": -1.5955557342122444,
    "aoc:Word LP Min-5": -1.386949082194635,
    "aoc:Word LP Mean": -1.6741360245149017,
    "aoc:Word LP Mean-Q1": -2.714258836739165,
    "aoc:Word LP Mean-Q2": -2.2575514142383772,
    "aoc:Word LP Mean Sq": -3.1485325224071974
}